{"sac/alpha":0.02042808011174202,"train/ent_coef":0.019652985,"time/steps":120000,"_wandb":{"runtime":403},"_timestamp":1.7569328818702478e+09,"_runtime":403,"train/ent_coef_loss":0.30674058,"time/fps":348,"global_step":139368,"_step":682,"train/learning_rate":0.0003,"train/actor_loss":-116.65187,"eval/return":215.6000000000002,"eval/len":184,"rollout/ep_len_mean":171.69,"rollout/ep_rew_mean":188.548,"train/critic_loss":5.2977324}