{"time/fps":354,"_step":3274,"train/ent_coef":0.046424434,"rollout/ep_rew_mean":404.73956,"global_step":998083,"rollout/ep_len_mean":277.62,"_wandb":{"runtime":2824},"final_eval/return":362.00624999999974,"train/ent_coef_loss":-0.017251298,"time/steps":1000000,"train/critic_loss":5.282048,"sac/alpha":0.04672982916235924,"final_eval/len":255,"eval/return":362.00624999999974,"_timestamp":1.756939863422086e+09,"eval/len":255,"_runtime":2824,"train/actor_loss":-117.8955,"train/learning_rate":0.0003}