{"_wandb":{"runtime":1146},"eval/len":154,"sac/alpha":0.024462120607495308,"_timestamp":1.756928784828037e+09,"eval/return":148.00000000000003,"_step":200000,"_runtime":1146,"time/steps":200000,"final_eval/len":160,"final_eval/return":172.8000000000001}