{"time/fps":351,"eval/return":305.2375000000003,"train/actor_loss":-112.99074,"train/learning_rate":0.0003,"final_eval/return":305.2375000000003,"rollout/ep_len_mean":178.42,"sac/alpha":0.018491027876734734,"train/critic_loss":1.9952669,"time/steps":200000,"_timestamp":1.756933484360367e+09,"_runtime":570,"global_step":199500,"train/ent_coef":0.018482326,"train/ent_coef_loss":0.47715586,"_wandb":{"runtime":570},"eval/len":249,"_step":997,"final_eval/len":249,"rollout/ep_rew_mean":199.03737}