{"sac/alpha":0.050198014825582504,"_timestamp":1.756936767910723e+09,"final_eval/len":150,"_wandb":{"runtime":2829},"train/ent_coef_loss":0.085673705,"train/actor_loss":-82.124054,"train/learning_rate":0.0003,"rollout/ep_rew_mean":171.45262,"train/ent_coef":0.04979,"global_step":999807,"time/fps":321,"_runtime":2829,"final_eval/return":153.80625000000006,"eval/len":150,"time/steps":1000000,"_step":4898,"rollout/ep_len_mean":159.54,"eval/return":153.80625000000006,"train/critic_loss":9.917515}